id,username,name,picture,module
1,melaniemartinez,Melanie,user22.jpeg,cyberbullying
2,fearlesstaylor,Chao,user14.jpg,cyberbullying
3,amie_barrie,Amie,user25.jpg,cyberbullying
4,s0ngsaboutme,Song,user19.jpg,cyberbullying
5,butter.me.up,Brennan,user29.jpg,cyberbullying
6,eli27094jdkm,Erica,user34.jpg,cyberbullying
7,taylorandsons_,Jennah,user42.jpg,cyberbullying
8,takeme_church,Zachary,user46.jpg,cyberbullying
9,lkj1xm98gj,Evan,user48.jpeg,cyberbullying
10,hyemincho,Hyemin,user39.jpg,cyberbullying
11,amyoko_,Amy,user55.jpg,cyberbullying